property_id,airbnb_property_id,vrbo_property_id,listing_type,bedrooms,bathrooms,accommodates,rating,reviews,title,revenue_ltm,revenue_potential_ltm,occupancy_rate_ltm,average_daily_rate_ltm,days_available_ltm,market_id,market_name,currency,address_match_confidence,lat,lng,submarket
abnb_32759456,32759456,,entire_place,9.0,9.5,16.0,4.9,86.0,"Atypical pool house, ciudad colonial",410356485.45,530998746.27,56.34,2564727.85,284.0,84832,Santo Domingo City,cop,High,18.4694,-69.8886,141879
abnb_692861023703388991,692861023703388991,,entire_place,4.0,4.0,8.0,5.0,96.0,Beautiful and comfortable house in the Colonial City,369750412.4,383869616.13,76.07,1384833.05,351.0,84832,Santo Domingo City,cop,Low,18.46978,-69.88888,141879
abnb_30975786,30975786,,entire_place,4.0,4.5,10.0,4.9,359.0,Casa Pantheon Luxury Colonial House,366298400.95,407723345.41,65.56,1688011.04,331.0,84832,Santo Domingo City,cop,Medium,18.475,-69.8837,141879
abnb_43906454,43906454,,entire_place,8.0,8.5,16.0,4.7,11.0,FIXIE Lofts: Elegant Colonial Villa with Pool,314683309.45,363386165.23,37.83,3115676.33,267.0,84832,Santo Domingo City,cop,Low,18.47537,-69.88603,141879
abnb_1356484904752149472,1356484904752149472,11985665ha,entire_place,4.0,4.0,8.0,5.0,4.0,Domus Santa Barbara Sleeps 8,313366335.9,363425674.44,91.89,1316665.22,259.0,84832,Santo Domingo City,cop,Low,18.480122875,-69.88428607,141879
abnb_1306583147460525554,1306583147460525554,,entire_place,4.0,4.5,8.0,5.0,36.0,Stunning villa in Zona Colonial,270698593.95,288910210.45,41.94,1892997.24,341.0,84832,Santo Domingo City,cop,Low,18.470111629,-69.889588185,141879
abnb_1330560754600057667,1330560754600057667,,entire_place,5.0,5.5,10.0,5.0,1.0,Colonial Oasis,267939919.55,343487135.11,53.72,1685156.73,296.0,84832,Santo Domingo City,cop,Low,18.4690189,-69.88943347,141879
abnb_50379512,50379512,4385736,entire_place,6.0,4.5,8.0,4.8,124.0,Casa RossAmor,255775339.35,266845620.91,45.14,1618831.3,350.0,84832,Santo Domingo City,cop,Low,18.4756,-69.88578,141879
abnb_1171134678915780670,1171134678915780670,,entire_place,4.0,4.5,10.0,4.9,31.0,"Casa del Orfebre, circa 1525",249443594.65,270555010.82,34.73,2309662.98,311.0,84832,Santo Domingo City,cop,Low,18.47691,-69.88561,141879
abnb_1372343444900952672,1372343444900952672,4377368,entire_place,6.0,6.5,12.0,5.0,1.0,SD 6BR Ocean View Residence + Free Bonus,234623056.65,380759724.33,52.58,2300226.0,194.0,84832,Santo Domingo City,cop,Low,18.468386304,-69.888211021,141879
abnb_1391855584302916644,1391855584302916644,7953621ha,entire_place,7.0,7.5,14.0,5.0,3.0,Family house,198863006.05,297955104.08,50.79,2071489.56,189.0,84832,Santo Domingo City,cop,Low,18.468656183,-69.888227102,141879
abnb_916855563564509892,916855563564509892,,entire_place,3.0,3.0,6.0,5.0,14.0,Steel-Loft - Whole house with sea-view terrace,145483390.1,189856924.62,77.86,713153.87,262.0,84832,Santo Domingo City,cop,Medium,18.469071,-69.8884813,141879
abnb_5862079,5862079,,entire_place,2.0,2.5,6.0,4.9,434.0,Gorgeous Colonial House near Cafes and Bars,145432031.8,152031720.09,70.57,588793.67,350.0,84832,Santo Domingo City,cop,Medium,18.4711,-69.8848,141879
abnb_1340052958129368617,1340052958129368617,11773474ha,entire_place,3.0,3.5,8.0,5.0,14.0,Gorgeous intimate Villa with private pool,134151548.05,142179033.76,20.3,2002261.91,330.0,84832,Santo Domingo City,cop,Medium,18.4716,-69.8881,141879
abnb_45343204,45343204,9466303ha,entire_place,2.0,1.5,4.0,4.8,116.0,2 story Apartment Suite with pool & balcony,119364026.1,123213404.05,63.84,528159.4,354.0,84832,Santo Domingo City,cop,Low,18.47528,-69.88593,141879
abnb_1371041850142112628,1371041850142112628,,entire_place,3.0,3.0,6.0,4.9,38.0,Juanchy's House - A Unique Stay w/Plunge Pool,113446816.25,139523002.59,65.4,600247.71,289.0,84832,Santo Domingo City,cop,Low,18.469847097,-69.887910773,141879
abnb_823986311949199033,823986311949199033,3852232,entire_place,2.0,2.0,5.0,5.0,81.0,Lux 2-Level Townhouse with Stunning Historic Views,110090184.5,119888174.24,34.34,965703.32,332.0,84832,Santo Domingo City,cop,High,18.46965,-69.88706,141879
abnb_52970600,52970600,,entire_place,4.0,4.5,8.0,4.9,37.0,Casa Erzulie - Enjoy the colonial city,109018997.1,112003134.44,48.89,707915.58,315.0,84832,Santo Domingo City,cop,Low,18.46891,-69.8888,141879
abnb_10612325,10612325,,entire_place,3.0,2.5,6.0,4.9,362.0,Charming house in the Zona Colonial,102063615.9,106279068.48,64.96,447647.42,351.0,84832,Santo Domingo City,cop,Medium,18.4773,-69.8855,141879
abnb_54128600,54128600,,entire_place,2.0,2.0,7.0,5.0,78.0,Best loft colonial area-The poet's house,98406171.25,121471917.47,75.85,441283.28,294.0,84832,Santo Domingo City,cop,Medium,18.4704,-69.89,141879
abnb_1193342092628238994,1193342092628238994,4249390,entire_place,4.0,2.5,8.0,4.8,72.0,"Eclectic,Spacious,4BR Penthouse",95669507.55,97347199.79,59.33,449152.62,359.0,84832,Santo Domingo City,cop,Low,18.47336,-69.88882,141879
abnb_935054157358381638,935054157358381638,,entire_place,3.0,3.5,6.0,4.7,10.0,Caribbean NEST - 3 bedrooms,95530106.45,98024358.97,49.38,600818.3,322.0,84832,Santo Domingo City,cop,Low,18.46974,-69.88946,141879
abnb_54174534,54174534,,entire_place,3.0,2.0,6.0,5.0,100.0,Good vibes! Newly renovated flat,92455945.35,97395256.48,49.85,540678.06,343.0,84832,Santo Domingo City,cop,Low,18.46989,-69.88804,141879
abnb_20804108,20804108,4790513ha,entire_place,2.0,3.0,6.0,5.0,340.0,Luxurious Rooftop  Lounge ♥ Ocean View ♥,90130148.05,90802098.04,65.47,380295.97,362.0,84832,Santo Domingo City,cop,Medium,18.469,-69.8872,141879
abnb_53129399,53129399,3902011,entire_place,4.0,4.0,8.0,4.6,46.0,Casa Gil,87892393.55,89432922.44,29.66,906107.15,327.0,84832,Santo Domingo City,cop,Medium,18.4742,-69.8847,141879
abnb_1308681188760229036,1308681188760229036,4234996,entire_place,2.0,2.0,4.0,4.6,35.0,Boho Chic Oasis 2BR + Family Room in Zona Colonial,87305441.55,92889482.77,56.4,450028.04,344.0,84832,Santo Domingo City,cop,Low,18.471718262,-69.887460671,141879
abnb_1430354975989797743,1430354975989797743,,entire_place,3.0,2.0,6.0,5.0,14.0,Lux Colonial Penthouse w/ priv. terrace & jacuzzi,86997291.75,118759942.44,43.46,935454.75,214.0,84832,Santo Domingo City,cop,Medium,18.472,-69.8872,141879
abnb_925363059725745983,925363059725745983,4610631,entire_place,2.0,2.0,4.0,5.0,7.0,Patio & mini-pool - two separate Steel Lofts,86953270.35,104611317.74,57.95,496875.81,302.0,84832,Santo Domingo City,cop,Medium,18.469071,-69.8884813,141879
abnb_1023915901859455704,1023915901859455704,,entire_place,5.0,3.0,10.0,4.8,29.0,"Casa De Leon III - Colonial Zone, DR",85577601.6,88123395.85,58.87,409462.21,355.0,84832,Santo Domingo City,cop,Low,18.47013,-69.88718,141879
abnb_24798144,24798144,4644633,entire_place,3.0,4.0,6.0,4.9,92.0,"Portes 58, Colonial Zone",82591483.3,89839570.13,38.71,764735.98,279.0,84832,Santo Domingo City,cop,High,18.47378,-69.88769,141879
abnb_22044223,22044223,1430149,entire_place,3.0,4.0,6.0,4.8,125.0,"Spacious & Stylish 3BR/6Guests, Center of ZonaCol.",75841535.3,76629518.36,53.33,395008.01,360.0,84832,Santo Domingo City,cop,Medium,18.4773,-69.8843,141879
abnb_772406034346032463,772406034346032463,,entire_place,2.0,2.0,4.0,4.9,33.0,Harmony with a twist,73820219.35,75442628.05,51.41,405605.59,354.0,84832,Santo Domingo City,cop,Low,18.46907,-69.88778,141879
abnb_1228878599295150655,1228878599295150655,,entire_place,2.0,2.0,4.0,4.9,21.0,The Nest,72760037.3,85848516.63,71.29,336852.01,303.0,84832,Santo Domingo City,cop,Low,18.46894,-69.88731,141879
abnb_748643615772041833,748643615772041833,1724307a,entire_place,2.0,2.0,6.0,5.0,65.0,Sea View 2BR Apartment – Zona Colonial,70837769.5,75152453.65,37.9,544905.95,343.0,84832,Santo Domingo City,cop,Low,18.46841,-69.88556,141879
abnb_37207587,37207587,,entire_place,2.0,2.0,4.0,4.9,130.0,Colorful Caribbean house in the Zona Colonial,68981533.8,69931552.3,51.67,370868.45,360.0,84832,Santo Domingo City,cop,Low,18.47817,-69.88645,141879
abnb_1071279535177991963,1071279535177991963,,entire_place,2.0,2.0,4.0,4.9,34.0,Apartment 201,67958036.25,68117430.4,56.72,392821.02,305.0,84832,Santo Domingo City,cop,Low,18.47111,-69.88356,141879
abnb_1319723819109998396,1319723819109998396,11757574ha,entire_place,3.0,3.0,8.0,5.0,18.0,"Chill Colonial vibes, fresh air and soft sheets",66490656.25,68092228.15,39.88,496198.95,336.0,84832,Santo Domingo City,cop,High,18.4724,-69.8865,141879
abnb_808001568788972094,808001568788972094,,entire_place,2.0,2.0,4.0,4.6,20.0,Casa Azul in the Colonial Zone,65188356.5,65765953.95,50.31,407427.23,318.0,84832,Santo Domingo City,cop,Medium,18.4737,-69.8878,141879
abnb_1204262011692820726,1204262011692820726,11640612ha,entire_place,2.0,2.0,4.0,4.8,39.0,SDQ Colonial zone  Wide apt 2 bed 2 bathroom +wifi,64858196.0,66692714.48,76.9,237575.79,355.0,84832,Santo Domingo City,cop,High,18.4696,-69.8893,141879
abnb_1392281125601623947,1392281125601623947,4894141,entire_place,2.0,2.0,4.0,4.9,26.0,Modern luxury house with Jacuzzi Colonial Zone!,64285917.8,66605442.05,48.94,462488.63,284.0,84832,Santo Domingo City,cop,High,18.4691,-69.8886,141879
abnb_41832090,41832090,,entire_place,2.0,2.5,6.0,4.8,104.0,Your 2BR House + Terrace in the Colonial Zone,64142848.25,64679065.59,27.51,754621.77,309.0,84832,Santo Domingo City,cop,Low,18.47027,-69.88629,141879
abnb_50202245,50202245,,entire_place,2.0,2.0,5.0,4.8,10.0,Beautiful Colonial House with two apartments,63566901.6,77651218.37,68.15,345472.28,270.0,84832,Santo Domingo City,cop,Medium,18.476,-69.8877,141879
abnb_1183350299178420359,1183350299178420359,,entire_place,3.0,3.0,6.0,4.9,76.0,"3 bedroom 3 bath Penthouse ocean view, terrace",62616773.05,65650874.68,60.63,296761.98,348.0,84832,Santo Domingo City,cop,Medium,18.4697,-69.8851,141879
abnb_1347422816018085240,1347422816018085240,4536524,entire_place,2.0,2.0,4.0,4.6,16.0,Lux 2BR w/Jacuzzi/Patio/Malecon,61780366.45,62171790.06,70.91,316822.4,275.0,84832,Santo Domingo City,cop,High,18.4688,-69.8877,141879
abnb_787782814627157131,787782814627157131,,entire_place,3.0,2.0,6.0,4.9,95.0,Ocean View 3BR Apt in Zona Colonial Santo Domingo,61402516.1,66523085.35,37.09,491220.13,337.0,84832,Santo Domingo City,cop,Low,18.46937,-69.88526,141879
abnb_922402438250736928,922402438250736928,,entire_place,3.0,2.0,5.0,4.7,65.0,Newly Remodeled 3BR Zona Colonial,60786216.5,64099377.12,53.33,330359.86,345.0,84832,Santo Domingo City,cop,Low,18.46929,-69.88855,141879
abnb_776896917930471516,776896917930471516,,entire_place,3.0,3.0,9.0,4.8,164.0,La Caracola: rooftop apartment with jacuzzi near nightlife,60441382.2,64726902.17,22.5,839463.63,320.0,84832,Santo Domingo City,cop,Low,18.47232,-69.88565,141879
abnb_35997566,35997566,,entire_place,3.0,3.0,6.0,4.9,185.0,Modern apartment in the heart of Colonial Zone,60217606.75,60453047.87,49.86,332693.95,363.0,84832,Santo Domingo City,cop,Medium,18.4721,-69.8835,141879
abnb_791302099915563534,791302099915563534,,entire_place,2.0,2.0,4.0,4.5,35.0,Spacious apartment in the colonial zone,59461906.05,60341600.36,62.4,265454.95,359.0,84832,Santo Domingo City,cop,Low,18.46973,-69.88669,141879
vrbo_4710094,,4710094,entire_place,3.0,3.0,6.0,5.0,1.0,Casa de Juanchy - Charming 3-bedroom villa in Santo Domingo with AC,59142750.9,66247217.91,79.45,509851.31,146.0,84832,Santo Domingo City,cop,Low,18.468508,-69.88788,141879
abnb_47949332,47949332,3230732,entire_place,2.0,2.0,4.0,4.8,313.0,Escape to tropic haven at colonial zone,59076718.8,63624826.43,47.16,373903.28,335.0,84832,Santo Domingo City,cop,Low,18.47589,-69.88446,141879
abnb_39832310,39832310,3056848,entire_place,2.0,2.0,4.0,4.6,97.0,Bright & Clean 2BR in BEST Colonial Zone Location,58948323.05,58948323.05,46.58,346754.84,365.0,84832,Santo Domingo City,cop,Medium,18.4774,-69.8842,141879
abnb_32465705,32465705,,entire_place,2.0,2.0,4.0,4.9,64.0,Colonial Zone.,58530119.75,62789850.52,83.78,206091.97,339.0,84832,Santo Domingo City,cop,Low,18.46974,-69.8842,141879
abnb_1266247075928139179,1266247075928139179,,entire_place,3.0,2.0,6.0,4.9,92.0,Zona Colonial modern 3br 2 bath,57917488.6,62566221.81,59.29,288146.71,339.0,84832,Santo Domingo City,cop,Low,18.467913609,-69.88872521,141879
vrbo_2576846,,2576846,entire_place,4.0,4.0,9.0,4.9,,"Your cosy, newly renovated place in the Dominican Colonial Zone",57858793.4,120894613.49,35.42,1134486.14,144.0,84832,Santo Domingo City,cop,Low,18.469984,-69.890015,141879
abnb_33213731,33213731,3056850,entire_place,2.0,3.0,4.0,4.7,76.0,Spacious 2BR Apt Prime-Location Colonial Zone,56615188.85,56988270.21,48.47,325374.65,359.0,84832,Santo Domingo City,cop,Medium,18.4773,-69.8843,141879
abnb_823861251945264033,823861251945264033,,entire_place,2.0,2.0,4.0,4.7,27.0,Your peace,55892504.2,56549266.8,59.28,261179.92,361.0,84832,Santo Domingo City,cop,High,18.4688,-69.8877,141879
abnb_1047910207883563113,1047910207883563113,,entire_place,2.0,2.0,4.0,4.7,97.0,Centrally located apartment in Colonial Zone,55250525.45,56171416.45,72.14,213322.49,359.0,84832,Santo Domingo City,cop,Low,18.47473,-69.88703,141879
abnb_907274768455279490,907274768455279490,,entire_place,2.0,2.0,2.0,4.5,36.0,Quiet and central apartment in Colonial Zone,54340749.85,55054446.8,72.22,209002.88,360.0,84832,Santo Domingo City,cop,Low,18.47398,-69.88699,141879
abnb_1140774510276442369,1140774510276442369,9953062ha,entire_place,2.0,2.0,4.0,4.8,14.0,Enriquillo 2-Bedroom Apt @Casaareito,54080289.9,54339906.11,35.03,436131.38,354.0,84832,Santo Domingo City,cop,High,18.4699,-69.8899,141879
abnb_1223389986956169194,1223389986956169194,,entire_place,2.0,2.0,4.0,4.1,13.0,2 rooms Zona Colonial,53816161.5,54642736.65,92.0,179987.16,325.0,84832,Santo Domingo City,cop,Low,18.46874,-69.88787,141879
abnb_1371357400131124380,1371357400131124380,,entire_place,3.0,2.0,5.0,4.3,20.0,SDQ Colonial escape 3 Bed+ 3 rooms+ balcony,52378129.1,56200177.1,66.45,261890.65,301.0,84832,Santo Domingo City,cop,Low,18.469000752,-69.888176487,141879
abnb_1392764995872717859,1392764995872717859,,entire_place,2.0,2.0,4.0,5.0,10.0,Colonial Charm 2BR in Historic Santo Domingo,51640770.65,73194821.99,60.77,406620.24,209.0,84832,Santo Domingo City,cop,Low,18.470753903,-69.886745291,141879
abnb_964653169681692878,964653169681692878,11781293ha,entire_place,2.0,1.0,4.0,4.9,82.0,Casa Grullon - Loft. Comfort & ancient beauty meet,51028139.5,52927699.59,39.2,369769.14,352.0,84832,Santo Domingo City,cop,High,18.4716,-69.888,141879
abnb_1263932292545876469,1263932292545876469,4329909,entire_place,2.0,2.0,4.0,4.4,31.0,Luxury Colonial Zone Center Oasis By YellowKey,50976781.2,53467401.96,38.3,389135.71,342.0,84832,Santo Domingo City,cop,Low,18.46969,-69.88732,141879
abnb_1041826278041644575,1041826278041644575,,entire_place,2.0,2.0,4.0,4.7,45.0,2D apartment in Colonial area,50870396.15,51148574.71,62.86,231229.08,350.0,84832,Santo Domingo City,cop,Low,18.47377,-69.88745,141879
abnb_949985829877065105,949985829877065105,,entire_place,3.0,2.0,6.0,5.0,18.0,Ocean view in the colonial area,50584257.05,54870987.61,29.87,568362.46,298.0,84832,Santo Domingo City,cop,Low,18.46882,-69.88439,141879
abnb_604221303989278182,604221303989278182,,entire_place,2.0,2.0,4.0,4.6,17.0,"Beautiful Apartment, Colonial Zone, Santo Domingo",50136706.15,66379832.38,75.98,368652.24,179.0,84832,Santo Domingo City,cop,Low,18.47101,-69.88655,141879
abnb_1312412384816369942,1312412384816369942,,entire_place,4.0,4.5,8.0,,,"Family home, exclusive access to the garden",50063337.15,105816073.41,53.27,878304.15,107.0,84832,Santo Domingo City,cop,Low,18.468248137,-69.888097805,141879
abnb_714480960176268528,714480960176268528,,entire_place,2.0,2.5,4.0,5.0,1.0,LIGHT & DElight in zone coloniale,48973807.5,69843362.76,40.93,462017.07,259.0,84832,Santo Domingo City,cop,Low,18.46984,-69.88878,141879
abnb_48809544,48809544,,entire_place,4.0,2.0,8.0,4.8,122.0,Colonial Tere’s House,48265796.65,50109156.09,50.0,274237.49,352.0,84832,Santo Domingo City,cop,Low,18.47334,-69.88731,141879
abnb_1261907163256841168,1261907163256841168,,entire_place,2.0,2.0,4.0,4.9,55.0,Cozy apt. Colonial Zone,47935636.15,48961151.35,55.46,242099.17,357.0,84832,Santo Domingo City,cop,Medium,18.4706,-69.8908,141879
abnb_928866772860518542,928866772860518542,4900978,entire_place,2.0,3.0,6.0,5.0,9.0,Vibrant Heart of Dominican History:Tropical Escape,47594470.3,83684351.24,82.17,449004.43,129.0,84832,Santo Domingo City,cop,Medium,18.477,-69.8842,141879
abnb_50432818,50432818,11490433ha,entire_place,2.0,1.0,4.0,4.6,111.0,Colonial area-near the boardwalk-street conde,47245967.55,49267466.92,68.86,196041.36,350.0,84832,Santo Domingo City,cop,Medium,18.4695,-69.8894,141879
abnb_930723270482516749,930723270482516749,,entire_place,2.0,1.0,4.0,4.8,61.0,• Vista Colonial • 2 Bedroom Fully Equipped Suite,47183603.9,48690162.95,65.16,205146.1,353.0,84832,Santo Domingo City,cop,Medium,18.478,-69.8847,141879
abnb_925190605412783092,925190605412783092,,entire_place,2.0,2.0,4.0,4.8,228.0,Spacious 2BR Apt. Zona Colonial,47022192.1,48567526.66,54.52,243638.29,354.0,84832,Santo Domingo City,cop,Medium,18.4683,-69.8887,141879
abnb_980416138535621121,980416138535621121,,entire_place,2.0,2.0,4.0,4.9,20.0,Chalet Montesinos: Sea view apartment!,45862961.9,46723837.06,59.52,305753.07,252.0,84832,Santo Domingo City,cop,Medium,18.4699,-69.8849,141879
abnb_1352034340770343974,1352034340770343974,,entire_place,2.0,1.0,4.0,4.8,32.0,The Bloom House,45503453.8,53673091.95,71.59,234553.89,271.0,84832,Santo Domingo City,cop,Medium,18.4735,-69.8875,141879
abnb_25179964,25179964,,entire_place,3.0,3.0,6.0,4.8,48.0,In the area.,45499785.35,47877784.69,49.6,363998.28,252.0,84832,Santo Domingo City,cop,Low,18.47121,-69.88347,141879
abnb_1461049057818028335,1461049057818028335,,entire_place,3.0,3.0,6.0,4.9,30.0,Zona Loft • Walk Everywhere,45294352.15,60604664.91,88.27,316743.73,162.0,84832,Santo Domingo City,cop,Medium,18.474572127,-69.88458276,141879
abnb_1405042232686168929,1405042232686168929,4545693,entire_place,3.0,3.0,8.0,5.0,1.0,Zona Loft,44733079.3,45276303.38,55.23,470874.54,172.0,84832,Santo Domingo City,cop,High,18.47486,-69.88405,141879
abnb_1271215824596630169,1271215824596630169,4605587,entire_place,2.0,1.0,4.0,5.0,14.0,Casa La María Colonial Zone TwoBedRoom 3B,44399250.35,49121756.09,60.5,308328.14,238.0,84832,Santo Domingo City,cop,Medium,18.4696,-69.8869,141879
abnb_1100974543485432739,1100974543485432739,,entire_place,2.0,1.0,4.0,4.0,1.0,Apartment in the colonial area,44168138.0,44928644.37,63.51,193719.91,359.0,84832,Santo Domingo City,cop,Medium,18.4694,-69.8894,141879
abnb_971059278970072693,971059278970072693,,entire_place,2.0,1.5,4.0,4.4,11.0,Colonial-style house,43617870.5,43970481.91,95.58,126063.21,362.0,84832,Santo Domingo City,cop,Medium,18.4687,-69.889,141879
abnb_1063812216349680758,1063812216349680758,,entire_place,2.0,2.0,4.0,4.8,129.0,Ocean View Apartment-Tia's House,43416105.75,43796047.12,44.75,268000.67,362.0,84832,Santo Domingo City,cop,Medium,18.4682,-69.8894,141879
abnb_1387571999312307772,1387571999312307772,,entire_place,2.0,1.0,4.0,5.0,3.0,SDQ Colonial escape 2 Bed+ 2 rooms+ balcony,43133635.1,44772625.19,65.2,223490.34,296.0,84832,Santo Domingo City,cop,Low,18.47013,-69.88827,141879
abnb_1018711568244283266,1018711568244283266,3739716,entire_place,2.0,1.0,5.0,4.8,35.0,"Casa De Leon- Colonial Zone, DR",43056597.65,43056597.65,46.15,265781.46,351.0,84832,Santo Domingo City,cop,High,18.46899,-69.88883,141879
abnb_37987997,37987997,,entire_place,2.0,1.0,4.0,4.8,345.0,Santa Barbara Ranch,42491656.35,43701547.84,56.62,211401.27,355.0,84832,Santo Domingo City,cop,Low,18.47818,-69.88458,141879
abnb_1271212109284128416,1271212109284128416,4605588,entire_place,2.0,1.0,4.0,4.8,8.0,Casa La María Colonial Zone TwoBedRoom 2B,40349281.55,43293946.37,53.59,317710.88,237.0,84832,Santo Domingo City,cop,Medium,18.4697,-69.8869,141879
abnb_1138327885786638028,1138327885786638028,9952979ha,entire_place,2.0,2.0,4.0,4.6,17.0,Guacanagarix 2-Bedroom Apt @Casaareito,39751324.2,40165308.78,34.81,361375.69,316.0,84832,Santo Domingo City,cop,High,18.4699,-69.8899,141879
abnb_1013731640962038011,1013731640962038011,11640608ha,entire_place,2.0,1.0,4.0,4.4,9.0,"First level, Colonial Zone",39281762.6,39601541.39,57.06,190688.17,361.0,84832,Santo Domingo City,cop,Medium,18.4694,-69.8894,141879
abnb_1314887740314811845,1314887740314811845,4725093,entire_place,2.0,2.0,4.0,4.6,3.0,fantastic with a view in the colonial zone,39017634.2,39661263.75,57.62,187584.79,361.0,84832,Santo Domingo City,cop,Low,18.47234,-69.89019,141879
abnb_1018714138118438647,1018714138118438647,3739797,entire_place,3.0,2.0,5.0,4.4,26.0,"Casa De Leon II- Colonial Zone, DR",37957452.15,38214500.44,46.96,223279.12,362.0,84832,Santo Domingo City,cop,Low,18.47055,-69.88904,141879
abnb_1405834618009200288,1405834618009200288,,entire_place,3.0,3.0,7.0,4.9,80.0,Spacious 3BR/3BA Zona Colonial,37399847.75,42462822.33,59.2,252701.66,250.0,84832,Santo Domingo City,cop,Medium,18.4692,-69.8863,141879
abnb_39673112,39673112,,entire_place,3.0,2.0,16.0,4.8,309.0,Large Colonial House • Central • Spacious • Comfortable • Safe,36284638.95,37097163.94,47.89,213439.06,355.0,84832,Santo Domingo City,cop,Medium,18.4704,-69.8898,141879
abnb_1389844778994038982,1389844778994038982,4517291,entire_place,2.0,2.0,4.0,4.8,13.0,2BR Colonial ·Balcony ·Near Cathedral · YellowKey,35844424.95,42150086.97,34.25,412004.9,254.0,84832,Santo Domingo City,cop,Low,18.469480626,-69.888950186,141879
abnb_1327535554372428008,1327535554372428008,,entire_place,2.0,2.0,4.0,4.0,2.0,Apartamento S.I.S,35477579.95,36251769.64,54.44,181008.05,360.0,84832,Santo Domingo City,cop,High,18.4733,-69.8891,141879
abnb_53808586,53808586,2796556,entire_place,2.0,2.0,3.0,4.6,30.0,Colonial Zone Charm with Sea View – 2BR 2BA,35323505.05,35420021.97,49.58,201848.6,353.0,84832,Santo Domingo City,cop,Medium,18.469,-69.8878,141879
abnb_18073995,18073995,1070748,entire_place,2.0,1.0,4.0,5.0,121.0,Charming Old City Corner House,34982339.2,35971096.53,40.41,448491.53,193.0,84832,Santo Domingo City,cop,Medium,18.4748,-69.8882,141879
abnb_1436185655754798885,1436185655754798885,,entire_place,3.0,2.0,6.0,5.0,19.0,Luxury 3BR Apt w/2 balconies,33199472.5,45886843.51,30.69,535475.36,202.0,84832,Santo Domingo City,cop,Medium,18.4721,-69.8874,141879
abnb_1136312329800133182,1136312329800133182,,entire_place,2.0,1.0,4.0,4.7,26.0,"Cozy apartment facing the sea, Colonial Zone.",32781269.2,41171124.4,47.01,260168.79,268.0,84832,Santo Domingo City,cop,Medium,18.469,-69.886,141879
abnb_1437126707294150223,1437126707294150223,,entire_place,2.0,3.0,4.0,4.3,18.0,Lovely Charm Apartment Zona Colonial,31603696.75,39472595.37,60.26,229012.29,229.0,84832,Santo Domingo City,cop,Low,18.47166,-69.88874,141879
abnb_1406899398196928318,1406899398196928318,4622032,entire_place,2.0,1.0,5.0,4.9,17.0,Casa De Mabel – Zona Colonial Gem,31526659.3,31911773.18,43.04,318451.1,230.0,84832,Santo Domingo City,cop,High,18.4778,-69.8861,141879
abnb_1300444819058640197,1300444819058640197,,entire_place,3.0,2.0,6.0,4.2,5.0,Luxury Colonial Home w/ private terrace & jacuzzi,30253707.15,70708713.43,49.17,512774.69,120.0,84832,Santo Domingo City,cop,Medium,18.4720935,-69.8874046,141879
abnb_1355881557071960306,1355881557071960306,,entire_place,2.0,2.0,6.0,5.0,66.0,Zona Colonial 2BR 2bath Apt,29633739.1,40717263.77,57.09,198884.15,261.0,84832,Santo Domingo City,cop,Medium,18.469,-69.8878,141879
abnb_1338668732323280820,1338668732323280820,,entire_place,2.0,1.0,4.0,,,Elegant 2 bedroom apartment with terrace in Colonial Zone,28749642.65,38613701.17,81.82,245723.42,143.0,84832,Santo Domingo City,cop,Low,18.469277946,-69.884389595,141879
abnb_880646363513331726,880646363513331726,,entire_place,3.0,3.0,6.0,4.8,9.0,Colonial Experience Apt C,28298423.3,28340500.42,34.51,362800.31,226.0,84832,Santo Domingo City,cop,Medium,18.4689,-69.8894,141879
abnb_1397166975067344141,1397166975067344141,,entire_place,3.0,1.5,6.0,4.6,15.0,"Apt w/ A/C,2min f Catedral in Colonial Zone Center",28276412.6,31561436.21,31.67,403948.77,221.0,84832,Santo Domingo City,cop,Medium,18.4694469,-69.8896027,141879
abnb_1395579845996624188,1395579845996624188,,entire_place,3.0,3.0,6.0,,,House: Ross Colonial Zone,28118669.25,83808528.27,56.45,803390.55,62.0,84832,Santo Domingo City,cop,Medium,18.4708,-69.8875,141879
abnb_53670878,53670878,,entire_place,2.0,1.0,6.0,4.7,13.0,Apt in Colonial City (Zona Colonial) ocean view,27531717.25,28191854.83,64.57,141188.3,302.0,84832,Santo Domingo City,cop,Low,18.46948,-69.88542,141879
abnb_1479329418324973744,1479329418324973744,,entire_place,2.0,2.5,4.0,4.7,11.0,Your Oasis in the Colonial City,27476690.5,51847854.65,66.13,335081.58,124.0,84832,Santo Domingo City,cop,Medium,18.4701,-69.8862,141879
abnb_1318860293467139181,1318860293467139181,,entire_place,2.0,2.0,4.0,4.8,17.0,Botticelli Colonial Renaissance,26577920.25,28306090.36,39.5,210935.88,319.0,84832,Santo Domingo City,cop,Low,18.473674176,-69.890357549,141879
abnb_48018253,48018253,2794345,entire_place,2.0,2.0,4.0,5.0,219.0,Cozy little house in the heart of the Colonial Zone,25536080.45,26009457.24,20.97,370088.12,329.0,84832,Santo Domingo City,cop,Low,18.47091,-69.88704,141879
abnb_1331307440580469373,1331307440580469373,,entire_place,3.0,2.0,6.0,4.8,13.0,Luxury 3BR Apartment w/ 2 balconies,25246272.9,55668838.8,39.02,525964.02,123.0,84832,Santo Domingo City,cop,Medium,18.4720935,-69.8874046,141879
abnb_1042330222780447650,1042330222780447650,9218426ha,entire_place,2.0,2.0,4.0,4.6,32.0,1D apartment in Colonial area,24226443.8,24729461.66,45.5,239865.79,222.0,84832,Santo Domingo City,cop,High,18.473,-69.88886,141879
abnb_1467032463788944482,1467032463788944482,,entire_place,2.0,1.5,3.0,4.3,24.0,The perfect find in the colonial area,24142069.45,36379578.44,69.83,193136.56,179.0,84832,Santo Domingo City,cop,Medium,18.4697,-69.8894,141879
abnb_926611284158600639,926611284158600639,,entire_place,2.0,2.5,4.0,4.1,15.0,Excellent place to stay at Zona Colonial,23984326.1,24025009.21,38.71,199869.39,310.0,84832,Santo Domingo City,cop,High,18.47,-69.8854,141879
abnb_757272830924860927,757272830924860927,,entire_place,2.0,2.0,5.0,4.6,11.0,2 Spectacular complete suites in the center.,23591801.95,26257994.73,16.73,575409.77,245.0,84832,Santo Domingo City,cop,Medium,18.4741,-69.8839,141879
abnb_1350347796499571072,1350347796499571072,,entire_place,3.0,1.5,6.0,4.3,6.0,"Apt in Colonial Zone w/ A/C, 3BR, 24/7 check in",23580796.6,24351758.05,31.83,256313.02,289.0,84832,Santo Domingo City,cop,Low,18.468866338,-69.890109715,141879
abnb_669669983984418132,669669983984418132,,entire_place,3.0,2.0,6.0,4.6,48.0,Casa Alma…. Enjoyment and comfort in one place,22201459.4,22488002.03,36.81,418895.46,144.0,84832,Santo Domingo City,cop,Medium,18.477008245,-69.886627654,141879
abnb_1145131942592501429,1145131942592501429,,entire_place,2.0,1.0,4.0,,,2 bedroom apart with balcony,21856625.1,42123710.81,100.0,254146.8,86.0,84832,Santo Domingo City,cop,Low,18.47254,-69.88792,141879
abnb_1489264061277392194,1489264061277392194,,entire_place,2.0,2.0,4.0,,,Stay inside history & enjoy modern comfort,20649705.05,43206197.04,36.71,356029.42,158.0,84832,Santo Domingo City,cop,Low,18.47154,-69.88612,141879
abnb_710113138988310938,710113138988310938,,entire_place,2.0,1.5,4.0,4.8,9.0,Lovely apartment colonial zone,20059084.6,20059084.6,38.52,213394.51,244.0,84832,Santo Domingo City,cop,Medium,18.4697,-69.8901,141879
abnb_954418580155119724,954418580155119724,11375391ha,entire_place,2.0,1.0,6.0,4.6,54.0,Don José's little house,19857319.85,20739838.87,41.99,204714.64,231.0,84832,Santo Domingo City,cop,High,18.4722,-69.8905,141879
abnb_1108861601792619017,1108861601792619017,,entire_place,2.0,2.0,4.0,3.0,1.0,Alana Del 1 apartment,18657736.7,19290250.85,63.06,266539.09,111.0,84832,Santo Domingo City,cop,Low,18.47188,-69.88967,141879
abnb_1563741291490950912,1563741291490950912,,entire_place,3.0,3.0,6.0,,,"Colonial Bohío, 3 Rooms. Colonial Zone, Santo Domingo.",18610046.85,30539259.3,55.74,547354.35,61.0,84832,Santo Domingo City,cop,Medium,18.4734,-69.8845,141879
abnb_53232906,53232906,11336626ha,entire_place,2.0,2.0,4.0,4.7,7.0,Santa Barbara's Santo Domingo's cozy home,17733287.3,18047930.26,64.86,184721.75,148.0,84832,Santo Domingo City,cop,Medium,18.4789,-69.8848,141879
abnb_1572694733025081328,1572694733025081328,4994092,entire_place,3.0,4.5,6.0,,,Colonial Home with Private Terrace and Jacuzzi,17696602.8,18643062.9,68.75,804391.01,32.0,84832,Santo Domingo City,cop,High,18.46995,-69.88574,141879
abnb_46432034,46432034,2546504,entire_place,2.0,1.0,6.0,4.8,4.0,La Casa Cacique,17553533.25,20854367.88,68.97,292558.89,87.0,84832,Santo Domingo City,cop,Low,18.47548,-69.88771,141879
abnb_1493732605387913710,1493732605387913710,,entire_place,2.0,2.0,5.0,4.7,34.0,Luxurious apartment,17502174.95,36203492.84,55.41,213441.15,148.0,84832,Santo Domingo City,cop,Medium,18.4698,-69.8887,141879
abnb_1042924543124305337,1042924543124305337,4093725,entire_place,2.0,2.0,4.0,4.6,26.0,Central & Cozy Gem Historic Zone,17271062.6,17430713.54,20.51,308411.84,273.0,84832,Santo Domingo City,cop,Medium,18.4781,-69.8857,141879
abnb_1029379777963032523,1029379777963032523,,entire_place,3.0,3.0,5.0,4.3,22.0,Colonial-style house,17183019.8,17470956.44,17.68,296258.96,328.0,84832,Santo Domingo City,cop,Medium,18.4742,-69.8904,141879
abnb_1350188786625768282,1350188786625768282,,entire_place,2.0,2.0,4.0,,,Casa Hostos 1,17058292.5,17058292.5,58.14,227443.9,129.0,84832,Santo Domingo City,cop,Low,18.471056504,-69.885207566,141879
abnb_48682739,48682739,10855091ha,entire_place,2.0,1.0,4.0,4.8,41.0,Full apartment colonial zone 2 rooms,16845522.4,38847931.7,100.0,183103.51,92.0,84832,Santo Domingo City,cop,Low,18.46967,-69.88874,141879
abnb_30924190,30924190,,entire_place,9.0,9.5,16.0,4.2,4.0,DR 9BR Colonial Oceanview Residence+ Free Bonus,16522698.8,27569722.39,15.62,3304539.76,32.0,84832,Santo Domingo City,cop,Low,18.46963,-69.88961,141879
abnb_814535155902569677,814535155902569677,,entire_place,2.0,1.0,5.0,4.6,44.0,Historic apartment in the heart of Zona Colonial,16438324.45,16967681.79,35.46,164383.24,282.0,84832,Santo Domingo City,cop,Medium,18.4709,-69.8839,141879
abnb_1339255698787938411,1339255698787938411,,entire_place,2.0,2.0,4.0,5.0,7.0,Michelangelo  and Leonardo,15891725.4,27083469.34,30.09,244488.11,216.0,84832,Santo Domingo City,cop,Low,18.47134,-69.88841,141879
abnb_1118885774369887714,1118885774369887714,,entire_place,2.0,2.0,4.0,,,Centrally located 2D accommodation,15623928.55,15816742.28,64.35,211134.17,115.0,84832,Santo Domingo City,cop,Low,18.47348,-69.89107,141879
abnb_1542920214500211788,1542920214500211788,,entire_place,6.0,6.0,12.0,5.0,1.0,"Bohío Colonial, Entero, Zona Colonial Santo Domingo.",15598249.4,90462766.41,37.21,974890.59,43.0,84832,Santo Domingo City,cop,Medium,18.4742,-69.8847,141879
abnb_1445813156462769782,1445813156462769782,,entire_place,2.0,3.0,4.0,5.0,12.0,Luxurious Colonial Apartment,15583575.6,22254725.29,33.78,311671.51,148.0,84832,Santo Domingo City,cop,Low,18.469511239,-69.884361458,141879
abnb_49404728,49404728,2973536,entire_place,2.0,2.0,5.0,4.2,84.0,Harmony 2BR Condo in the Heart of Zona Colonial,15286431.15,15430307.76,14.87,382160.78,269.0,84832,Santo Domingo City,cop,Low,18.46944,-69.89006,141879
abnb_1555994701358646513,1555994701358646513,,entire_place,3.0,3.0,6.0,5.0,1.0,Casita 103 Guest House - Zona Colonial,15000292.05,71414816.68,62.16,652186.62,37.0,84832,Santo Domingo City,cop,Low,18.46955,-69.88738,141879
abnb_1504275341527937223,1504275341527937223,,entire_place,3.0,2.0,6.0,4.0,4.0,Cozy Apt w/ Balcony & Parking – Zona Colonial,14945265.3,25559485.16,47.55,219783.32,143.0,84832,Santo Domingo City,cop,Medium,18.4707,-69.8909,141879
abnb_1503773227680554818,1503773227680554818,,entire_place,3.0,2.0,6.0,4.9,15.0,Colonial Park View—Spacious 3BR with Balcony,14171222.35,25362856.24,53.49,308070.06,86.0,84832,Santo Domingo City,cop,Medium,18.4698,-69.8851,141879
abnb_1528471732243890965,1528471732243890965,,entire_place,2.0,2.0,4.0,5.0,1.0,"Peaceful 2BR Apartment with Balcony, Zona Colonial",13819051.15,39394053.85,51.55,276381.02,97.0,84832,Santo Domingo City,cop,Low,18.47088,-69.88444,141879
abnb_2798984,2798984,,entire_place,2.0,2.0,3.0,4.5,26.0,Balcony of Zona Colonial,13488890.65,13918759.62,51.69,126064.4,207.0,84832,Santo Domingo City,cop,Low,18.47279,-69.88707,141879
vrbo_4185052,,4185052,entire_place,2.0,1.0,6.0,4.9,,RCCdominican,13147724.8,13357706.88,36.48,226684.91,159.0,84832,Santo Domingo City,cop,Low,18.475254,-69.88316,141879
abnb_1183463872604502656,1183463872604502656,,entire_place,2.0,1.0,4.0,4.7,6.0,"Facing the sea, Zona Colonial.",12817564.3,18835693.21,69.32,210124.01,88.0,84832,Santo Domingo City,cop,Low,18.46944,-69.88791,141879
abnb_1563746305010014388,1563746305010014388,,entire_place,2.0,2.0,4.0,,,"Colonial Bohío, 2 Rooms. Colonial Zone, Santo Domingo.",12755200.65,59696393.37,55.74,375152.98,61.0,84832,Santo Domingo City,cop,Medium,18.4734,-69.8845,141879
abnb_993710433842566929,993710433842566929,,entire_place,2.0,1.0,4.0,4.7,21.0,Classic Colonial Zone Apartment,12535093.65,12699550.26,49.32,171713.61,148.0,84832,Santo Domingo City,cop,Low,18.47803,-69.88566,141879
abnb_827348302305211800,827348302305211800,,entire_place,2.0,2.0,4.0,4.6,5.0,Colonial Experience Apt B,12065532.05,12098438.05,25.31,294281.26,162.0,84832,Santo Domingo City,cop,Medium,18.4689,-69.8894,141879
abnb_1334279655269326330,1334279655269326330,,entire_place,2.0,2.0,4.0,5.0,1.0,"Colonial City, Stylish 2br, 2 baths, huge balcony",11687681.7,19914034.09,20.48,343755.34,166.0,84832,Santo Domingo City,cop,Low,18.471236612,-69.88540328,141879
abnb_23548479,23548479,,entire_place,2.0,2.0,4.0,4.7,30.0,"Santo Domingo Colonial City, Comfy  1-4 Guests",11625318.05,34740845.14,36.59,258340.41,123.0,84832,Santo Domingo City,cop,Medium,18.478,-69.8853,141879
abnb_1191262877629578755,1191262877629578755,,entire_place,3.0,3.0,10.0,5.0,3.0,Historic Home in Zona Colonial,11386868.8,84475782.64,11.43,1423358.6,70.0,84832,Santo Domingo City,cop,Medium,18.4704,-69.8881,141879
vrbo_4247974,,4247974,entire_place,2.0,1.0,4.0,4.5,4.0,Casa La María Ciudad Colonial - 2BA,10572472.9,18348523.05,29.66,245871.46,145.0,84832,Santo Domingo City,cop,Low,18.470936,-69.88805,141879
abnb_1551621465794310079,1551621465794310079,,entire_place,5.0,5.0,10.0,5.0,2.0,"Bohio Colonial 5 Rooms. Colonial Zone, Santo Domingo.",10524783.05,75508256.62,32.5,809598.67,40.0,84832,Santo Domingo City,cop,Low,18.47224,-69.88427,141879
abnb_3344589,3344589,1328602,entire_place,2.0,1.0,4.0,4.8,301.0,Regina's Alley,10506440.8,46525520.65,54.69,300184.04,64.0,84832,Santo Domingo City,cop,Low,18.469,-69.88842,141879
abnb_868069224550765634,868069224550765634,,entire_place,3.0,1.0,6.0,4.8,85.0,Centric historical house in the colonial zone D.R,10499103.9,10499103.9,15.18,362038.05,191.0,84832,Santo Domingo City,cop,Medium,18.4698,-69.888,141879
abnb_1506081302605310831,1506081302605310831,,entire_place,2.0,1.0,6.0,5.0,3.0,Casa Taina,10256986.2,31214547.57,40.28,353689.19,72.0,84832,Santo Domingo City,cop,Medium,18.4706,-69.8879,141879
abnb_1075206086597480915,1075206086597480915,,entire_place,2.0,2.0,4.0,5.0,1.0,Colonial area. Spacious apartment,9651691.95,14779561.41,73.58,247479.29,53.0,84832,Santo Domingo City,cop,Medium,18.4727691,-69.8907425,141879
abnb_1072443205986713579,1072443205986713579,,entire_place,2.0,2.5,7.0,4.9,14.0,New 2 Bd Apt in Colonial Zone |Casa Altagracia II,9596665.2,51576389.35,100.0,218106.02,44.0,84832,Santo Domingo City,cop,Low,18.46892,-69.8901,141879
abnb_1384341849709214108,1384341849709214108,,entire_place,3.0,1.0,6.0,,,In the heart of the neighborhood,8503467.1,15453712.47,46.0,369715.97,50.0,84832,Santo Domingo City,cop,Medium,18.4688,-69.8879,141879
abnb_1568966176801464327,1568966176801464327,,entire_place,2.0,1.0,4.0,4.7,11.0,Red Door Colonial Zone Apartment with indoor terrace,8309039.25,28795938.49,76.09,237401.14,46.0,84832,Santo Domingo City,cop,Low,18.47107,-69.88905,141879
abnb_1399850217263735354,1399850217263735354,,entire_place,2.0,1.0,2.0,,,tour spece colonial,8268686.3,12826515.32,47.57,168748.7,103.0,84832,Santo Domingo City,cop,Low,18.470590922,-69.890429824,141879
abnb_1598585652738518999,1598585652738518999,,entire_place,3.0,4.5,6.0,,,Colonial Home with Private Terrace and Jacuzzi,7483638.0,99929495.11,57.14,935454.75,14.0,84832,Santo Domingo City,cop,Low,18.470929155,-69.883621304,141879
abnb_47504157,47504157,3056855,entire_place,3.0,2.0,6.0,4.8,11.0,Cosy & Authentic Parkside 3BR House -Colonial Zone,6841659.25,35667862.45,26.03,360087.35,73.0,84832,Santo Domingo City,cop,Medium,18.477873,-69.885925,141879
abnb_1560472358484711108,1560472358484711108,,entire_place,2.0,1.0,4.0,,,Colonial Area | Tourist | Central | stayInn,6830653.9,16120086.41,80.7,148492.47,57.0,84832,Santo Domingo City,cop,Medium,18.4744,-69.8888,141879
vrbo_4386774,,4386774,entire_place,2.0,0.5,24.0,,,"Cozy 2 Spaces Divided in 2 capsules  house in enjoyable Santo Domingo, WiFi, AC",6603210.0,7589289.36,63.83,110053.5,94.0,84832,Santo Domingo City,cop,Low,18.476215,-69.882324,141879
abnb_822098251626361251,822098251626361251,,entire_place,2.0,2.0,4.0,3.0,1.0,Location! Location! Perfect location!,6493156.5,20405716.44,30.28,151003.64,142.0,84832,Santo Domingo City,cop,Low,18.472477089,-69.886763264,141879
abnb_1195763852027937396,1195763852027937396,4121907,entire_place,2.0,2.0,4.0,5.0,4.0,Enriquillo|2Bedroom@Casaareito,6401445.25,64187493.29,100.0,304830.73,21.0,84832,Santo Domingo City,cop,Medium,18.4699,-69.8899,141879
abnb_1567037233972627062,1567037233972627062,,entire_place,4.0,2.0,8.0,4.7,3.0,Zona Colonial 4BR Double Apartment,6361092.3,28122484.44,31.58,530091.03,38.0,84832,Santo Domingo City,cop,Medium,18.4744,-69.8907,141879
abnb_52104372,52104372,,entire_place,2.0,1.0,4.0,4.7,53.0,Entire Apartment - Colonial Zone - Santo Domingo,5964899.7,6305331.86,14.01,205686.2,207.0,84832,Santo Domingo City,cop,Low,18.4779,-69.88417,141879
abnb_1563736318467849934,1563736318467849934,,entire_place,4.0,4.0,8.0,5.0,1.0,"Bohío Colonial, 4 rooms. Colonial Zone, Santo Domingo.",5836503.95,55835056.27,20.59,833786.3,34.0,84832,Santo Domingo City,cop,Medium,18.4734,-69.8845,141879
abnb_1355920705325321958,1355920705325321958,,entire_place,6.0,6.0,11.0,5.0,1.0,Colonial Renaissance,5557701.75,46571119.49,6.85,1111540.35,73.0,84832,Santo Domingo City,cop,Medium,18.472805247,-69.889692664,141879
abnb_44228881,44228881,,entire_place,2.0,1.5,4.0,4.9,35.0,Comfortable apartment in the Historic Center,5150503.8,22461992.72,100.0,183946.56,28.0,84832,Santo Domingo City,cop,Low,18.47263,-69.88529,141879
abnb_1573537252415139807,1573537252415139807,,entire_place,2.0,1.0,4.0,4.0,3.0,Colonial zone Céntrico apt 2 rooms 2 bed +wifi,5069797.9,24718493.0,58.14,202791.92,43.0,84832,Santo Domingo City,cop,Medium,18.4721,-69.8904,141879
abnb_1376296684017517889,1376296684017517889,,entire_place,2.0,1.0,4.0,,,India • Heart of El Conde • 1,4886375.4,6582666.68,30.77,203598.97,78.0,84832,Santo Domingo City,cop,Medium,18.4686,-69.89,141879
abnb_1379303129127669001,1379303129127669001,,entire_place,2.0,1.0,4.0,5.0,5.0,Loft Colonial Moderno con Mezzanine 4 pax,4629583.9,33493058.55,15.62,308638.91,96.0,84832,Santo Domingo City,cop,Medium,18.479342581,-69.884104952,141879
abnb_1260895887964921543,1260895887964921543,4158026,entire_place,2.0,1.0,4.0,5.0,2.0,Beautiful 2BD House ColonialZone,4607573.2,29087690.32,26.03,242503.84,73.0,84832,Santo Domingo City,cop,Medium,18.477995576,-69.885998927,141879
abnb_1414765697967457964,1414765697967457964,,entire_place,2.0,1.0,4.0,5.0,2.0,"Tourist area, 2BR. Unique|SimplyStayDr",4559883.35,9643144.46,23.86,217137.3,88.0,84832,Santo Domingo City,cop,Low,18.475728184,-69.887388594,141879
abnb_16861324,16861324,,entire_place,3.0,2.0,6.0,4.8,42.0,"One block from the Ocean, City Center",4552546.45,14332010.51,19.35,252919.23,93.0,84832,Santo Domingo City,cop,Low,18.46874,-69.88947,141879
abnb_1192910655006401021,1192910655006401021,,entire_place,3.0,3.0,6.0,5.0,3.0,The Best House,4013284.3,28971510.51,17.39,334440.35,69.0,84832,Santo Domingo City,cop,Low,18.47082,-69.88535,141879
abnb_1380420087837362116,1380420087837362116,,entire_place,3.0,2.0,5.0,,,Cozy in the Colonial Zone,3800514.2,6809010.04,28.95,345501.28,38.0,84832,Santo Domingo City,cop,Medium,18.46947097,-69.889422096,141879
abnb_1135608806382637682,1135608806382637682,,entire_place,3.0,2.0,6.0,,,Classic Apartment in the Z/C,3771166.6,3771166.6,8.26,419018.5,109.0,84832,Santo Domingo City,cop,Medium,18.4767,-69.8849,141879
abnb_1219903489483157305,1219903489483157305,,entire_place,3.0,3.0,6.0,5.0,2.0,Shelter of colors,3760161.25,13977674.93,17.39,313346.76,69.0,84832,Santo Domingo City,cop,Medium,18.4697,-69.8853,141879
abnb_1380483953238341422,1380483953238341422,,entire_place,4.0,5.5,8.0,,,Casa Colonial - Colonial House,3701466.05,34166696.03,3.57,3701466.05,28.0,84832,Santo Domingo City,cop,Low,18.474753225,-69.887049501,141879
abnb_1108679714406683584,1108679714406683584,11593836ha,entire_place,2.0,1.0,6.0,5.0,7.0,Charming Colonial Santo Domingo,3532717.35,3532717.35,9.57,392524.15,94.0,84832,Santo Domingo City,cop,High,18.46874,-69.88538,141879
abnb_1503444440405552836,1503444440405552836,,entire_place,2.0,1.0,4.0,4.0,1.0,"Zona Colonial, 2BR. Unique | HappyStayDr",3074161.1,17064748.97,20.25,192135.07,79.0,84832,Santo Domingo City,cop,Low,18.4753,-69.88936,141879
abnb_1546647313207121318,1546647313207121318,,entire_place,2.0,1.0,4.0,4.8,4.0,Zona Colonial Two-Bedroom Apartment,2681636.95,19224475.54,17.39,223469.75,69.0,84832,Santo Domingo City,cop,Medium,18.4744,-69.8907,141879
abnb_1545898334739728031,1545898334739728031,,entire_place,2.0,1.0,4.0,5.0,2.0,Zona Colonial Central Apartment,2571583.45,19282400.37,15.62,257158.34,64.0,84832,Santo Domingo City,cop,Medium,18.4744,-69.8907,141879
vrbo_4810681,,4810681,entire_place,2.0,1.0,4.0,,,2-bedroom apartment in fabulous Santo Domingo with AC,2428513.9,8785314.11,20.63,186808.76,63.0,84832,Santo Domingo City,cop,Low,18.478174,-69.88404,141879
abnb_1555999119864261297,1555999119864261297,,entire_place,2.0,2.0,4.0,5.0,1.0,"Entire Apartment, Colonial Area",2046995.1,22919154.96,31.71,157461.16,41.0,84832,Santo Domingo City,cop,Medium,18.4698,-69.8905,141879
abnb_905173865291828726,905173865291828726,,entire_place,2.0,1.0,2.0,5.0,4.0,Apartotel La Fonte 104,1999305.25,4239884.46,53.45,64493.72,58.0,84832,Santo Domingo City,cop,Medium,18.4732,-69.8896,141879
abnb_1450130032268676623,1450130032268676623,,entire_place,3.0,3.0,4.0,,,A beachfront paradise awaits you,1878246.4,9045407.22,18.75,313041.08,32.0,84832,Santo Domingo City,cop,Medium,18.4680138,-69.8898468,141879
abnb_916212972815947476,916212972815947476,,entire_place,2.0,2.0,4.0,4.8,37.0,Colonial Loft Hermanas Mirabal Santo Domingo 3,1775529.8,32186466.72,7.81,355105.96,64.0,84832,Santo Domingo City,cop,Low,18.47315,-69.88912,141879
abnb_1145627008306730164,1145627008306730164,,entire_place,2.0,2.0,4.0,5.0,2.0,Historical and Magical Getaways,1599444.2,63302589.78,6.9,799722.1,29.0,84832,Santo Domingo City,cop,Medium,18.4735,-69.8878,141879
abnb_1386971567654212237,1386971567654212237,,entire_place,4.0,4.0,10.0,,,4 bedroom apartment with 5 beds for 10 people,1496727.6,5741564.46,10.0,498909.2,30.0,84832,Santo Domingo City,cop,Low,18.467987084,-69.889213251,141879
abnb_1387086805027752673,1387086805027752673,,entire_place,3.0,3.0,6.0,,,Donatello and Botticelli,1423358.6,13937725.51,6.9,711679.3,29.0,84832,Santo Domingo City,cop,Low,18.472550585,-69.888828016,141879
abnb_1521202743460107927,1521202743460107927,,entire_place,2.0,1.0,4.0,5.0,3.0,Beautiful Colonial Residence.,1353658.05,22858882.32,7.25,270731.61,69.0,84832,Santo Domingo City,cop,Low,18.468582179,-69.886218173,141879
abnb_1024017116724388762,1024017116724388762,3802380,entire_place,2.0,0.0,4.0,3.6,8.0,Colonial area apartment,1335315.8,1444488.87,13.51,133531.58,74.0,84832,Santo Domingo City,cop,High,18.47255,-69.89054,141879
abnb_849202716451040177,849202716451040177,,entire_place,2.0,2.0,4.0,4.8,24.0,Charming-2BR-Apart-HeartofCallejonRegina-YellowKey,1276620.6,22210924.0,12.9,319155.15,31.0,84832,Santo Domingo City,cop,Medium,18.4704,-69.887,141879
abnb_1350268789629509421,1350268789629509421,,entire_place,3.0,3.0,6.0,,,"Michelangelo, Leonardo and Donatello",1276620.6,8632853.33,8.11,425540.2,37.0,84832,Santo Domingo City,cop,High,18.472700369,-69.890535979,141879
abnb_1524989464721103613,1524989464721103613,,entire_place,2.0,2.0,4.0,4.0,4.0,Comfortable apartment in the colonial area,1265615.25,20096869.63,11.67,180802.17,60.0,84832,Santo Domingo City,cop,Medium,18.4727736,-69.8907557,141879
abnb_1244172948956449859,1244172948956449859,4121905,entire_place,2.0,2.0,4.0,,,Charming-2BR-Apart-HeartofCallejonRegina-YellowKey,1027166.0,18982761.37,12.9,256791.5,31.0,84832,Santo Domingo City,cop,Low,18.46913,-69.88642,141879
abnb_644155421197932950,644155421197932950,,entire_place,2.0,1.0,4.0,4.8,6.0,Newly Renovated 2bed in the Heart of the Capital.,1012492.2,1012492.2,25.0,168748.7,24.0,84832,Santo Domingo City,cop,Low,18.47526,-69.88832,141879
abnb_1109816607869215877,1109816607869215877,11699825ha,entire_place,3.0,2.0,6.0,4.1,9.0,La Riviera Place @Zona Colonial Santo Domingo,451219.35,451219.35,3.57,451219.35,28.0,84832,Santo Domingo City,cop,Low,18.47835,-69.88196,141879
abnb_1359049571896689384,1359049571896689384,,entire_place,2.0,1.0,5.0,5.0,3.0,Apartment in Ciudad Colonial Huge 2 Bdrm + Sunroom,410866.4,410866.4,100.0,205433.2,2.0,84832,Santo Domingo City,cop,High,18.4729,-69.8901,141879
abnb_1540145421619562093,1540145421619562093,,entire_place,2.0,2.0,4.0,,,cozy apartment  close to downtown,396192.6,24685697.06,6.9,198096.3,29.0,84832,Santo Domingo City,cop,Medium,18.4698301,-69.8886545,141879
vrbo_4249278,,4249278,entire_place,2.0,1.0,4.0,,,Casa La Maria Ciudad Colonial - 2BA,256791.5,1256077.28,3.57,256791.5,28.0,84832,Santo Domingo City,cop,Low,18.469364,-69.88856,141879
abnb_567534259556405496,567534259556405496,,entire_place,2.0,2.0,4.0,4.7,31.0,BOUTIQUE APT COLONIAL ZONE,0.0,8792944.49,0.0,0.0,27.0,84832,Santo Domingo City,cop,High,18.46986,-69.89035,141879
abnb_943524335428602186,943524335428602186,,entire_place,2.0,1.0,4.0,4.7,3.0,Apartment overlooking the Rio.,0.0,4601043.36,0.0,0.0,1.0,84832,Santo Domingo City,cop,Medium,18.4797,-69.8836,141879
